{"cameraMode":{"drawMode":0,"name":"Shaded","section":"Shading Mode"},"sceneLighting":true,"audioPlay":false,"sceneViewState":{"m_AlwaysRefresh":false,"showFog":true,"showSkybox":true,"showFlares":true,"showImageEffects":true,"showParticleSystems":true,"showVisualEffectGraphs":true,"m_FxEnabled":true},"in2DMode":false,"pivot":{"x":-0.695042610168457,"y":0.053544044494628909,"z":0.7897169589996338},"rotation":{"x":-0.10340289026498795,"y":0.8640361428260803,"z":-0.19803814589977265,"w":-0.451144278049469},"size":3.4609646797180177,"orthographic":false}